Student_ID,Name,Parent_Email
2503068,NADAF MOIN JAVED,
2503069,NAIKWADI AANAM,
2503070,NAMDE SHREYA RAHUL,
2503071,NANAWARE SHLOK SACHIN,
2503072,NAPHADE SHREYA ANANT,
2503073,NARWADE ASHWIN PRAKASH,
2503074,NEHETE GITESH MANOHAR,giteshnehete29@gmail.com
2503075,NIKAM SAMRUDDHI MAHESH,
2503076,NISHANT MANOJ SHINTRE,
2503077,OKE RAJAS PARAG,
2503078,ORSE DIKSHA SAHEBRAO,
2503079,PARDESHI SHRIPAD ABHIJIT,
2503080,PARTH B PAWAR,
2503081,PATIL ARYA RAHUL,
2503082,PATIL CHINMAY YUVRAJ,
2503083,PATIL MADHURA VIJAY,
2503084,PATNE SAMARTH MAHADEV,
2503085,PAWAR KARTIK SHRIKANT,
2503086,PAWAR SANDIP SANJAY,
2503087,RANDHIR SAYALI RAHUL,
2503088,RANE APOORV AMOL,
2503089,RAUT PRATIKSHA YOGESH,
2503090,RAUT RUDRANI SANJAY,
2503091,RAUT SEJAL SOMNATH,
2503092,SADAFULE SHLOK JAGANNATH,
2503093,SADIYA SALIM MANIYAR,
2503094,SALUNKHE VEDANTI PRAVIN,
2503095,SAMIKSHA SURESH GURAV,
2503096,SAMUDRE SOHAM ARVIND,
2503097,SANAP GAYATRI NAVNATH,
2503098,SANAP SHITAL RAVSAHEB,
2503099,SANGAVE SHRAVANI SANJAY,
2503100,SAVALE VISHAKHA NITIN,
2503101,SAWALA SIDH NIKHIL,
2503102,SAWANT SHIVAM LAXMAN,
2503103,SHAIKH ALISHA ASLAM,
2503104,SHAIKH ARMAN JABBAR,
2503105,SHAIKH ASIF AKIL,
2503106,SHAIKH MAJID SHAIKH SHARIF,
2503107,DETAINED,
2503108,SHAIKH SAAD JAVED,
2503109,SHAIKH SAIF KUDRAT,
2503110,SHAIKH SHAYAAN IBRAHIM,
2503111,SHAIKH UMARFAROOQ AFSAR,
2503112,SHELAKE ROHAN RAJU,
2503113,SHIDORE SANAVI SURESH,
2503114,SHINDE SIDDHARTH NILESH,
2503115,SHINDE SIDDHI DAYANAND,
2503116,SHIVSHARAN REVATI KISHOR,
2503117,SHREYA SAMEER POTDAR,potdarshreya13@gmail.com
2503118,SONAWALE ANUSHKA VISHNU,
2503119,SUTAR SRUSHTI SUNIL,
2503120,TABISH RIZWAN ATTAR,
2503121,TAHURANOOR BARASKAR,
2503122,TAMBATKAR SWARNIM JITENDRA,
2503123,THAKARE NAMASHRI NARAYAN,
2503124,TOUR ROHIT BHAGWANT,
2503125,TUPE SAINA PRAMOD,
2503126,VEDANT NITIN KADAM,
2503127,WAGHMARE MILIND DATTATRAY,
2503128,WAGHMARE VAISHNAVI DEVIDAS,
2503129,WAHULE ALOK VIKAS,
2503130,WANI NIKHIL SUNIL,nikhilwani2009@gmail.com
2503131,WANKHEDE AMAN SURENDRA,
2503132,ZAREKAR SHREYA BHAGWAN,
